{"aI0Cub+6fgI+vJyt1absPA==":"mbr-1920x1280.jpeg","sLmIKa2WJte4KVZ//jUaLw==":"mbr-1-1920x1280.jpg","UomwMl1oe7syE9+lj5anIg==":"mbr-1-1920x1280.jpeg","9cKw6kK8aNp6Ua9G4xYkOA==":"aanbg-192x192.png","+VE3cJ8IiCKzbfQaV2S1gQ==":"santo_domingo_national_palace-1-2000x1286.jpg","Kyd8pZA+23CGsQN7Da6vVg==":"mbr-816x544.jpg","Ii8mpV8WMoVmeL9D9GLBew==":"mbr-1-816x544.jpg","srazyeZB0jNMtqnwFvYGgg==":"mbr-2-816x544.jpg","Hp34tMWrkqSMc6Yg6bCvJQ==":"dr%20flag%20dark-1752x992.jpg","Nq9a3EA8Q3dWdiU52Hhumw==":"mbr-1208x744.jpg","FOEhX5REYkqpmwnKVVFR3Q==":"mbr-1208x680.jpg","SOPaocPSu55m4jRDZrV6Cg==":"mbr-1208x906.jpg","nyjhNKyqt1+lTptmFNOGZg==":"mbr-1208x805.jpg","6gOjX7ofOIrF2vNloYbxEg==":"23d44337-5fff-42b2-86f0-8fb87dd96003-1208x906.jpg","zLSQCw4joXnwkNbeMMR8Gw==":"planerain-1208x805.jpg","4ficBcVLqBc2+v9v8BtCSA==":"grounded-1208x805.jpg","ZwCpr9i01YNZPP1SPKOKgQ==":"sky-1208x805.jpg","fXtddIJMSRY4w4iNgcOutQ==":"grounded-1920x1280.jpg","47nev4X44nG4iNSTED/r6Q==":"drone-1208x805.jpg","DeKBmTNrjqTdr4xmikma+g==":"simon-fitall-drbufutox5m-unsplash-2000x1328.jpg","j/dfHCyirEUp58twbkHfjw==":"simon-fitall-drbufutox5m-unsplash-2000x1328.jpeg","l8Zre8ulCoZ8vd9dnRFPvA==":"maksim-chernishev-hm8sdqf6l-u-unsplash-2000x1333.jpg","IvGsdc1hQ3x7/mTOWokhqA==":"maria-teneva-igtv6lcnhvq-unsplash-816x544.jpg","c2dRdW5oC3ldwRaFTKFsIg==":"img-994-2000x1500.jpg","RUeqCfkvb42UsZHiai+kIA==":"sunrise-1208x805.jpg","Z5F+qC7e8SYN7l3mSh5W/A==":"logo%20aan%20v2.2%201500x1500-256x256.png","ZVVFvoDeVLUeJnf0JHljUQ==":"logo%20aan%20v2.2%201500x1500-256x256.png","nTF/bs5aanfOykdpTH4afw==":"logo%20aan%20v2.2%201260x1260-292x292.png","sCCv/JnnAMFExVLvdKJNgg==":"logo%20aan%20v2.2%201500x1500-1500x1500.png","mhZ2u58xXf6MkS7AeOyZhA==":"logo%20aan%20v2.2%201500x1500-1500x1500.png","Bgmd59vQfX4cO+e4ZLHqOw==":"logo%20aan%20v2.1-2000x1125.png","ia/ygngQg8GqQWqCi7ioOg==":"cessna%20172-564x433.jpeg","ufhNrrk0JqEOB+qY8BQ2vg==":"wtf1-2-486ba1e1e035d133-1024x768.jpg","qU/7y+yvYr+sigCNJOARAg==":"fmc%20diaz%20morfa%20otros-816x397.jpg","D/oiwGR0EUNCyYW0bWzPIw==":"photo_2022-11-11_00-01-25-816x377.jpg","pT7DwoaPSKuD38hO5Vb+mQ==":"photo_2022-11-11_00-05-58-816x612.jpg"}