{"file:///C:/Users/OscarGmX/Documents/aanrd-main":{"assets/images/hashes.json":"KRupz0RcFYxID9z51lekcA==","assets/images/logo-aan-v2.2-1260x1260-292x292.png":"nTF/bs5aanfOykdpTH4afw==","assets/images/sunrise-1208x805.jpg":"RUeqCfkvb42UsZHiai+kIA==","assets/images/drone-1208x805.jpg":"47nev4X44nG4iNSTED/r6Q==","assets/images/sky-1208x805.jpg":"ZwCpr9i01YNZPP1SPKOKgQ==","assets/images/mbr-1-1920x1280.jpeg":"UomwMl1oe7syE9+lj5anIg==","assets/images/fmc-diaz-morfa-otros-816x397.jpg":"qU/7y+yvYr+sigCNJOARAg==","assets/images/photo-2022-11-11-00-01-25-816x377.jpg":"D/oiwGR0EUNCyYW0bWzPIw==","assets/images/photo-2022-11-11-00-05-58-816x612.jpg":"pT7DwoaPSKuD38hO5Vb+mQ==","assets/images/dr-flag-dark-1752x992.jpg":"Hp34tMWrkqSMc6Yg6bCvJQ==","assets/images/grounded-1920x1280.jpg":"fXtddIJMSRY4w4iNgcOutQ==","assets/images/wtf1-2-486ba1e1e035d133-1024x768.jpg":"ufhNrrk0JqEOB+qY8BQ2vg==","assets/images/cessna-172-564x433.jpeg":"ia/ygngQg8GqQWqCi7ioOg==","assets/images/features4.jpg":"IZgue8k0gO5xWveU7yF9HQ==","assets/images/santo-domingo-national-palace-1-2000x1286.jpg":"+VE3cJ8IiCKzbfQaV2S1gQ==","assets/images/logo-aan-v2.2-1500x1500-1500x1500.png":"mhZ2u58xXf6MkS7AeOyZhA==","assets/bootstrap/css/bootstrap.min.css":"qGiBfMEZYUPQ8GJUeqipZw==","assets/bootstrap/css/bootstrap-grid.min.css":"4bnuDDTauYpkcZNhkYKtrg==","assets/bootstrap/css/bootstrap-reboot.min.css":"/iLrQLzPIC+HbKPQfUweBg==","assets/bootstrap/js/bootstrap.bundle.min.js":"4jB/FPBUKrTUyehEkinqIg==","assets/smoothscroll/smooth-scroll.js":"I6Cnt5FZXvE7AwxKBjLHIw==","assets/theme/css/style.css":"zwvoPTBYU/IAfgCqrVEA6Q==-VITbTf54ezV7Z7I/e4lZVw==","assets/ytplayer/index.js":"mFY4BIBrp1+/1GbYKiwChg==","assets/dropdown/css/style.css":"Vb8nb3PvfIj5jIp56aQkiA==","assets/dropdown/js/navbar-dropdown.js":"Tg4KUED4z/erihKkpugAog==","assets/parallax/jarallax.js":"dK+LQKyoapkDnRGMTh9jhQ==","assets/parallax/jarallax.css":"2Tta/DdBrdXNDixBji4u9A==","assets/viewportchecker/viewportchecker.js":"rpZzT2zi8Xq+2sxEHnPTvg==","assets/socicon/css/styles.css":"yjHs7tV2SewoW36KZ0bi9w==","assets/socicon/fonts/socicon.eot":"MvYQV8XxgngrhGqjN3oHBw==","assets/socicon/fonts/socicon.svg":"U1iRKoyNjKeR+mUJr3QbXg==","assets/socicon/fonts/socicon.ttf":"IyAo3XNB2a/Q0ml3ZraPsQ==","assets/socicon/fonts/socicon.woff":"zQDjXd6bBUQi87pRsBWVqQ==","assets/socicon/fonts/socicon.woff2":"o3w8h99EHOwP99NXAoHpOQ==","assets/web/assets/mobirise-icons-bold/mobirise-icons-bold.css":"oCz4VsqVNHRevrgedUE3iA==","assets/web/assets/mobirise-icons-bold/mobirise-icons-bold.eot":"xL5gaCBkZEP9ksoDCgYMlg==","assets/web/assets/mobirise-icons-bold/mobirise-icons-bold.svg":"/6YZxrduGdMApfjQkLfW0g==","assets/web/assets/mobirise-icons-bold/mobirise-icons-bold.ttf":"My4xH5UmdimFH1eritsxVw==","assets/web/assets/mobirise-icons-bold/mobirise-icons-bold.woff":"4H/XculakPzhz3skasBxzg=="},"mbrsite://%7B%22id%22%3A263640%7D":{"assets/images/hashes.json":"KRupz0RcFYxID9z51lekcA=="}}